combination,mean,std,median
AA,     0.95632,     0.01817,     0.96005
AB,     0.94606,     0.01842,     0.94964
BB,     0.95605,     0.01820,     0.95966
