combination,mean,std,median
AA,     0.95626,     0.01820,     0.96035
AB,     0.94607,     0.01814,     0.94944
BB,     0.95511,     0.01896,     0.95848
