combination,mean,std,median
AA,     0.95629,     0.01825,     0.96000
AB,     0.94620,     0.01833,     0.94989
BB,     0.95619,     0.01818,     0.95969
