alpha,loc,delta_cc,scale,n_sample,aaa_mean,aa_std,aa_median,ab_mean,ab_std,ab_median,bb_mean,bb_std,bb_median
-10.000,0.980,0.010,0.030,100, 0.95626, 0.01820, 0.96035, 0.94607, 0.01814, 0.94944, 0.95511, 0.01896, 0.95848
-10.000,0.980,0.010,0.030,200, 0.95632, 0.01817, 0.96005, 0.94606, 0.01842, 0.94964, 0.95605, 0.01820, 0.95966
-10.000,0.980,0.010,0.030,500, 0.95629, 0.01825, 0.96000, 0.94620, 0.01833, 0.94989, 0.95619, 0.01818, 0.95969
